1,Margaret,Windridge
2,Evan,Blaxall
3,Jamison,Magwood
4,Rudolph,Ashlin
5,Sherwood,Shyres
6,Hobey,Noblett
7,Garret,Van De Cappelle
8,Marieann,Thornbarrow
9,Sonya,Daniaud
10,Ramona,Goeff
11,Brana,Le Huquet
12,Alvie,Pennings
13,Emmalynn,Poff
14,Starr,Kingscote
15,Agathe,Flemyng
16,Berny,Costelloe
17,Bibbie,Tabner
18,Jerald,Petruk
19,Carver,Bernardt
20,Dorthea,Dimic
21,Glenna,Casado
22,Jerry,Causby
23,Ozzy,Zorzini
24,Sibelle,Mulvenna
25,Pansie,Orford
26,Peria,Cohan
27,Liva,Paler
28,Fanechka,Wormstone
29,Kliment,Veld
30,Ruth,Windrus
31,Papagena,Leneve
32,Grove,Livett
33,Gordy,Ambrogioni
34,Mitchael,Rodge
35,Nicky,Pullar
36,Erie,Hubbuck
37,Kurtis,Fance
38,Saloma,Marzelo
39,Mireille,Pullin
40,Tiphany,Hullock
41,Kania,Succamore
42,Lelia,Folger
43,Patrizius,Dimitriev
44,Darrin,Wilmington
45,Julieta,Carrabot
46,Leona,Tretwell
47,Almire,Maior
48,Sharron,Cooksey
49,Walther,Bearns
50,Lonnie,Nichols
51,Clarey,Yeend
52,Adore,Vertigan
53,Pansie,Bain
54,Chlo,Lowers
55,Carlynn,Sylett
56,Adan,Dwelley
57,Pennie,Shillitoe
58,Stefanie,Newport
59,Marilin,Guwer
60,Jacqueline,Tomaszczyk
61,Morgen,Pippard
62,Mendie,McReedy
63,Isabel,Dovinson
64,Andra,Cejka
65,Vilma,Kenchington
66,Kelsey,Longridge
67,Hyacinth,Bartholin
68,Rufe,Flucker
69,Jefferson,McQuilty
70,Austen,Tomczak
71,Ron,McIlwain
72,Dari,Cockerill
73,Lisha,Fuggles
74,Weidar,Giacoboni
75,Trev,Towse
76,Massimiliano,Witherden
77,Sheppard,Eburne
78,Randie,Nowakowski
79,Aleta,Welds
80,Emlynne,Dunnion
81,Felice,Allder
82,Layney,Demead
83,Emmett,Heditch
84,Edith,Nutbeam
85,Malachi,Husby
86,Hedwiga,Harriskine
87,Rafaello,Cornborough
88,Jewelle,Shakshaft
89,Nev,Ciabatteri
90,Crysta,Wansbury
91,Latashia,Brideaux
92,Boony,Barlass
93,Wilow,Welden
94,Bernette,Lewsey
95,Lorne,Carbonell
96,Myca,Battany
97,Arly,Risby
98,Lissa,Kabsch
99,Ellery,Cuffe
100,Dorena,Allwell
101,Maris,Danzig
102,Boyce,Krystek
103,Moria,Blei
104,Jo-anne,Godsal
105,Alys,Acomb
106,Alida,Carlesso
107,Clayson,MacGray
108,Elbertina,Billyard
109,Nelly,Caren
110,Bianka,Stave
111,Judie,De Vaux
112,Lazar,Chadwick
113,Vitia,March
114,Shara,Borchardt
115,Marena,Longthorne
116,Niccolo,Coombs
117,Jayne,Mostin
118,Dorella,Borgne
119,Davie,Domek
120,Harmon,Vasiliev
121,Victoria,Rosewall
122,Kala,Danaher
123,Renato,Toombs
124,Holli,Rickardes
125,Hugh,McKie
126,Nana,Medland
127,Dory,Sappell
128,Joice,Willetts
129,Aurie,McCrow
130,Clarette,Ealden
131,Barron,Enevoldsen
132,Bar,Swaffer
133,Daffy,Artin
134,Malory,MacGaughey
135,Gusta,Niesegen
136,Bailey,Ilewicz
137,Alysia,Bonome
138,Olivette,Ravillas
139,Dalt,Elmer
140,Koralle,BURWIN
141,Colman,Gwynn
142,Gallagher,Giovannetti
143,Konstantine,Vasenkov
144,Brigitte,Motten
145,Joice,Boog
146,Daniella,Plampeyn
147,Nathan,Seares
148,Herminia,Marvelley
149,Clarine,MacPhee
150,Easter,Cane
151,Rubi,Langhorn
152,Celina,Vannacci
153,Fanya,Blakeden
154,Fernando,Hradsky
155,Cassandry,Alleyne
156,Gabey,Janson
157,Leigh,Paulillo
158,Craggy,Batte
159,Grannie,Bier
160,Elana,Arends
161,Buddie,Boog
162,Caesar,Tuison
163,Nathanael,Shinefield
164,Melodee,Chrystie
165,Nat,Besnard
166,Jamie,Cainey
167,Norbie,Eltone
168,Gabe,Hoffman
169,Ferne,Vedishchev
170,Valeda,Franklin
171,Carlie,Hauch
172,Danyelle,Luckey
173,Merry,Mangeney
174,Moss,Kuhnt
175,Stevie,Stonebridge
176,Ava,Shine
177,Avigdor,Kerrich
178,Winnie,Seeney
179,Niki,Willgrass
180,Flinn,Hindenberger
181,Chane,Merveille
182,Pandora,Kimbley
183,Kaiser,Cranch
184,Margaretta,Clarage
185,Doe,Chaize
186,Ivie,Fearnall
187,Clotilda,Ormrod
188,Alvinia,Baldam
189,Shayne,Thompson
190,Anthia,Triplett
191,Roanne,Tunstall
192,Imojean,Demaine
193,Berget,Ivanilov
194,Binky,Bemwell
195,Vance,Ruperti
196,Nikolos,Milne
197,Haskel,McNirlan
198,Debora,Bellchamber
199,Florida,Ibbison
200,Nealson,Doolan
201,Katharyn,Petrelluzzi
202,Gena,Elcock
203,Ingelbert,Aggiss
204,Alley,Tracey
205,Janette,Etter
206,Barry,Zanetello
207,Joceline,Tressler
208,Germaine,Seager
209,Rube,Dunton
210,Kimble,Ailward
211,Myron,Skells
212,Benni,Bunney
213,Belia,Busch
214,Lauree,Sisland
215,Sinclare,Patington
216,Patience,Adcock
217,Micki,Parlett
218,Olimpia,Holworth
219,Chryste,Melmoth
220,Christoper,Gomby
221,Adriena,Clayal
222,Matti,Clace
223,Talyah,MacSharry
224,Bartie,Narramore
225,Janice,Izkoveski
226,Katalin,Smallthwaite
227,Barde,Cominotti
228,Cammie,Fishbie
229,Aimil,Manion
230,Carlyn,De Benedetti
231,Stephanus,Batterton
232,Robinia,Marriot
233,Merrili,Dominetti
234,Roderick,Doodson
235,Mona,Gallager
236,Jen,Spadari
237,Gregorius,Halpin
238,Virgil,Guild
239,Finley,Mose
240,Arlie,Elsmere
241,Lionello,Holtom
242,Clarine,Girkin
243,Rahel,O'Callaghan
244,Elvera,Glyne
245,Lorrie,Folomkin
246,Esra,Cheater
247,Stanton,Duckworth
248,Annice,Haslock
249,Eberhard,Roll
250,Willetta,Gallie
251,Cathie,Jalland
252,Gay,Nockles
253,Daphne,Sapir
254,Raye,Dellow
255,Egan,Irwin
256,Waylon,De Mico
257,Renie,Schaffler
258,Teodoor,Tottem
259,Elijah,Bidewell
260,Mervin,Hogsden
261,Benson,Inworth
262,Carena,Tennant
263,Donovan,Malley
264,Lief,Garvey
265,Gil,Aslott
266,Yoko,Cassimer
267,Kiley,Kearley
268,Roth,Leavold
269,Christy,Summerly
270,Darbie,Morat
271,Darelle,Touzey
272,Vilma,Zorro
273,Lyman,Munson
274,Shirl,Taplin
275,Raquel,Dureden
276,Kathye,Hise
277,Adella,Warburton
278,Jeno,Skitch
279,Connie,Lissandre
280,Gwennie,Tompkins
281,Evan,Queyos
282,Sherill,Kleen
283,Garek,Cuppitt
284,Wainwright,Gallant
285,Dareen,Hacaud
286,Esma,Maior
287,Daloris,Ponte
288,Godfree,Borell
289,Lorraine,Gerdts
290,Karissa,Bofield
291,Boycey,Ranson
292,Celestine,Pacquet
293,Morton,Wollard
294,Angelico,Bernadot
295,Palmer,Filintsev
296,Jenda,Daftor
297,Gloriana,Rainer
298,Charin,Amberg
299,Regan,Ramsby
300,Mair,Frobisher
301,Grayce,Syder
302,Jesselyn,Jerosch
303,Starla,Cavie
304,Benji,Dimeloe
305,Cayla,Schwaiger
306,Hephzibah,Worthy
307,Patricio,Smalls
308,Say,Senescall
309,Jules,Dunsmore
310,Susannah,Loughman
311,Waylan,Olekhov
312,Cally,Scyone
313,Ferguson,De Castri
314,Iggy,Rollings
315,Carter,Raigatt
316,Bondie,Bernot
317,Bridget,Dieton
318,Freddie,Meco
319,Eustacia,Tutin
320,Toni,Bruyntjes
321,Charin,Lattin
322,Xenos,Stannard
323,Mortimer,Reitenbach
324,Gordie,Eyrl
325,Miran,Mathen
326,Claus,Donegan
327,Lotty,Hollingsby
328,Engracia,Shacklady
329,Lorenzo,Huncote
330,Robert,Helbeck
331,Rusty,McVicker
332,Gunther,Snowman
333,Gipsy,Symon
334,Dee,Dever
335,Kori,Meale
336,Allyson,Foynes
337,Pablo,Trainer
338,Rebbecca,Thirkettle
339,Terese,Melmore
340,Brew,Paaso
341,Lothario,Denk
342,Morley,Songer
343,Alvira,Bavage
344,Bernardine,Slessar
345,Clive,Housin
346,Edan,Behnecke
347,Remus,Risborough
348,Eward,Harmon
349,Chane,Redparth
350,Verne,Thring
351,Pren,Sherston
352,Jerry,Aspland
353,Hadlee,Dixcey
354,Wayne,Tort
355,Gearalt,Donohue
356,Archibaldo,Shayler
357,Gran,Dufton
358,Bab,Carabine
359,Carol-jean,MacKean
360,Jordain,Greenwell
361,Reena,Slayton
362,Malanie,Tilliard
363,Erastus,Wansbury
364,Serene,Leggett
365,Blinni,Kellegher
366,Moe,Brockelsby
367,Adena,Cristol
368,Gretal,Petracci
369,Arlyne,Everex
370,Davon,Westberg
371,Cosmo,Kenworthy
372,Lyell,Talman
373,Reynolds,Millberg
374,Hakeem,Cluely
375,Aldo,Vales
376,Ingemar,Raeside
377,Cyndie,Lyburn
378,Carol-jean,Sarten
379,Shay,Adam
380,Egan,Vickars
381,Kathie,Selborne
382,Jerad,Exley
383,Alford,Rosenvasser
384,Martie,Kittles
385,Sidonia,Bottrill
386,Christal,Kenwell
387,Clementia,Dalgardno
388,Ermanno,Robens
389,Karlen,Nestor
390,Wendie,Glass
391,Alex,McKeever
392,Joey,Bulstrode
393,Archibald,Benko
394,Derry,Byas
395,Bill,Sausman
396,Annabel,Bascomb
397,Rois,Tanman
398,Diane,Harmston
399,Rebe,Djurkovic
400,Gabey,Colaton
401,Bernetta,Menary
402,Sim,Janu
403,Elvina,Wolfenden
404,Tannie,Cumes
405,Carena,Fyers
406,Xever,Scalia
407,Ansley,Yakobowitch
408,Winny,Stockport
409,Richmond,Edis
410,Zeb,Haggerwood
411,Kalindi,Champagne
412,Siusan,Batho
413,Patric,Levermore
414,Windham,Canton
415,Caitlin,Dulake
416,Adria,Tethcote
417,Sascha,Mongan
418,Ogdan,Tarn
419,Othella,Covey
420,Mill,Asker
421,Miner,Nixon
422,Gert,Abbets
423,Vic,Forst
424,Brod,Checchetelli
425,Berte,Manifould
426,Pincus,Burcombe
427,Robinson,Pavyer
428,Ibrahim,Espinho
429,Pandora,Guilford
430,Mureil,Grayshan
431,Nanete,Simpson
432,Maynord,Rothschild
433,Jarrid,Duchesne
434,Keary,Culpen
435,Pate,Killik
436,Feodora,Fiddymont
437,Hirsch,Arnopp
438,Krishna,Shewan
439,Mechelle,Van Der Straaten
440,Deedee,Revans
441,Iosep,Ilyinykh
442,Forrester,Tedman
443,Lu,Lodevick
444,Brook,Skedge
445,Conny,Handes
446,Haily,Setchell
447,Dorella,Deakan
448,Flossy,Petegree
449,Clarey,Skitteral
450,Berty,Brunet
451,Danell,Haborn
452,Townsend,Cowie
453,Maximilian,Dash
454,Leonie,Dryden
455,Joye,Wike
456,Colver,Bills
457,Stanislaw,Faber
458,Giavani,Papes
459,Harriott,Galilee
460,Jamill,Champagne
461,Cacilie,Trayling
462,Gaby,Fleet
463,Greggory,Cready
464,Almeta,Bastard
465,Claus,Durie
466,Kenna,Clowney
467,Lotti,Beagen
468,Vivienne,Dodsworth
469,Farica,Pietzner
470,Filippo,Cometto
471,Vin,Vasyunichev
472,Felicio,Scading
473,Margeaux,Dougharty
474,Millie,Lapides
475,Janna,Badgers
476,Emmy,Chittleburgh
477,Ellie,Fitzgerald
478,Rochell,Rowlin
479,Thomas,Gabbitas
480,Conway,De Launde
481,Aurilia,Pagen
482,Ruperto,Robatham
483,Dyann,Ogilvie
484,Rawley,Bounds
485,Arabella,Hamp
486,Pip,Balam
487,Julina,Mar
488,Nicolea,Rosita
489,Jolie,Griffen
490,Sharon,Rousby
491,La verne,Stolte
492,Zebulen,Colly
493,Margaretta,Gilyatt
494,Devonna,Legh
495,Giusto,Stenhouse
496,Cristiano,Lethbridge
497,Rowland,Grelka
498,Jerry,Simner
499,Abbot,Gudahy
500,Orrin,Kment
501,Hamil,Joist
502,Toinette,Hurdle
503,Francesco,Dwane
504,Kelly,Winwood
505,Colman,Sawter
506,Ciro,Gildersleaves
507,Matt,Pietruszewicz
508,Haslett,Witherop
509,Cesare,Bastin
510,Thedrick,Stonbridge
511,Bernard,Holme
512,Kendra,MacNeilly
513,Aeriel,Schimpke
514,Sumner,Gallie
515,Cacilia,Hayhow
516,Cleon,Pollendine
517,Ring,Kirwood
518,Pierrette,Fidilis
519,Siobhan,Tomaschke
520,Lenka,Morten
521,Kerwin,Fawlo
522,Alva,Anthoin
523,Kamillah,Grinov
524,Cary,Hinkensen
525,Chaddie,Issard
526,Brena,Winspurr
527,Marga,McVicar
528,Avis,Jerwood
529,Milka,Dilger
530,Natalie,Reay
531,Holli,Stiger
532,Dudley,Fitzsimon
533,Caryn,Reuven
534,Garald,Stokoe
535,Lolita,Fraschetti
536,Calypso,Gwioneth
537,Jess,Lowde
538,Nyssa,Rabson
539,Reece,Corbie
540,Shae,Proud
541,Benito,McQuaker
542,Rogers,Friel
543,Hertha,Wynrehame
544,Dorice,Petti
545,Saw,Oiseau
546,Sigrid,Eve
547,Rod,Balcombe
548,Nap,Eagle
549,Bernard,Stainsby
550,Brit,Halhead
551,Laney,Phillcox
552,Nikoletta,Buttle
553,Serene,Bartels-Ellis
554,Charmane,Penny
555,Ethe,Husselbee
556,Hester,Strafford
557,Fred,Learman
558,Tiff,Shotboult
559,Anna-diana,Beaver
560,Lamond,Kopelman
561,Reeba,Leatt
562,Thaine,Trencher
563,Latrina,Levick
564,Mimi,Arrow
565,Loraine,O'Shevlan
566,Barbette,Unthank
567,Ingrid,Skilling
568,Tedra,Hegarty
569,Celestina,Fenne
570,Sarine,Huws
571,Lari,Loody
572,Milly,Browning
573,Heath,Thornber
574,Rutger,Gopsall
575,Lea,Greser
576,Reeba,Danilchenko
577,Pancho,Loadman
578,Selestina,Peile
579,Lesly,Izen
580,Saraann,Cullon
581,Natalee,Reinbach
582,Basia,Ragborne
583,Mycah,Dudson
584,Corney,Trotter
585,Llewellyn,Seeley
586,Willetta,Throssell
587,Yale,O'Growgane
588,Vi,Smiths
589,Wolfy,Dettmar
590,Willey,Mouland
591,Ryann,Riatt
592,Sondra,Rastall
593,Carry,Creffield
594,Ysabel,Nutley
595,Walther,Bayly
596,Timmy,Mariyushkin
597,Pablo,Scotchmer
598,Gasper,Peare
599,Zelma,Dairton
600,Tootsie,Roony
601,Nat,Sattin
602,Anthony,Chevin
603,Sapphire,Sommerton
604,Alia,Dent
605,Corri,Lowne
606,Mahmoud,Wooster
607,Opal,Carbert
608,Rollins,Kienlein
609,Thekla,Prangle
610,Avrom,Sharrem
611,Panchito,Lamdin
612,Pincas,Seyers
613,Phillipp,Hardisty
614,Orazio,Bloomer
615,Griz,Vaudrey
616,Griswold,Reimers
617,Leann,Pilsworth
618,Johann,Losemann
619,Luke,Jaggi
620,Lorita,Pattie
621,Orelee,Gullyes
622,Nanci,Hendrick
623,Murry,Enochsson
624,Sharon,Tabour
625,Ximenes,Whitewood
626,Victoir,Armin
627,Donaugh,Morgen
628,Lexy,Gebuhr
629,Gilli,Gladdor
630,Hilton,Copping
631,Carlina,Weddup
632,Milt,Sholl
633,Cobby,Madle
634,Onofredo,Whiteley
635,Bibbie,Schimonek
636,Prissie,Geaves
637,Frieda,aManger
638,Wood,Ridgwell
639,Ardisj,Redborn
640,Clarisse,Neilus
641,Lawton,Munroe
642,Estell,McEwen
643,Averill,Stedall
644,Pat,Frotton
645,Horace,Frow
646,Stan,Milkeham
647,Cletus,Crowter
648,Arlette,McLinden
649,Dorine,Pothbury
650,Margaret,Cobbold
651,Allistir,O'Corhane
652,Elane,Iorizzo
653,Skipton,Robley
654,Gale,Haugg
655,Angela,Canero
656,Danella,Dowson
657,Stefania,Silk
658,Leroi,Crossgrove
659,Trescha,Hallock
660,Kevina,Whiley
661,Hestia,Timmis
662,Ilse,Gullane
663,Hillard,Hammor
664,Jack,Virgoe
665,Lucien,Montrose
666,Katy,Tassell
667,Estel,Wallman
668,Eduard,Chitty
669,Hillier,Notti
670,Tammy,Accomb
671,Micah,Kite
672,Annis,Chinnick
673,Yank,Bellworthy
674,Tally,Keattch
675,Paolo,Brodeau
676,Glenda,Shelsher
677,Fanchette,Olner
678,Carmella,Blaydon
679,Anabella,Rushbury
680,Augusto,Tarbett
681,Dalton,Le Breton De La Vieuville
682,Mandel,Espinheira
683,Lorain,Gayne
684,Lyndell,Ellerby
685,Giusto,Sphinxe
686,Morissa,Campe
687,Janella,Clapison
688,Alissa,Hain
689,Frazer,Lumbers
690,Fleurette,Rathke
691,Fredric,Bardell
692,Antoinette,Wholesworth
693,Camel,Phayre
694,Carena,Caudrey
695,Eveline,Leuren
696,Marlowe,Mouan
697,Roderick,Dew
698,Annie,McSporrin
699,Mercedes,Steed
700,Selene,Kingswell
701,Jennine,Aucourte
702,Ellissa,Couch
703,Herman,De Bruyne
704,Gabriello,Bortol
705,Fair,Raynor
706,Kathryn,Boerder
707,Aindrea,Hylton
708,Caitlin,Deans
709,Ginger,Mankor
710,Zorana,McSwan
711,Lorita,Ofer
712,Nicky,Marris
713,Efrem,Salla
714,Winifield,Mewett
715,Adams,Talmadge
716,Eli,Gudeman
717,Veda,Foulkes
718,Paten,Royden
719,Gianina,Pepall
720,Lura,Hendrickx
721,Brigham,Jacqueminot
722,Athena,Yeell
723,Salem,Ambrodi
724,Alyse,Swinford
725,Manya,Bigly
726,Sarina,Kohlerman
727,Shawnee,Cisec
728,Alix,Zimmer
729,Janey,Sparshatt
730,Maiga,Archdeckne
731,Izak,Rickcord
732,Griffy,Blair
733,Carlota,Scotsbrook
734,Prue,Burnett
735,Kala,Ouldred
736,Valaree,Stansall
737,Jarid,Moran
738,Carlita,Creany
739,Etheline,Edwardson
740,Lynnell,McCreadie
741,Danie,Kryszka
742,Aguistin,Chessell
743,Stanleigh,Kilroy
744,Gunther,Corsor
745,Elvira,Simacek
746,Benjy,Roubeix
747,Georgeanna,Cunnane
748,Tish,Heart
749,Willyt,Fuente
750,Babbie,Moses
751,Ashleigh,Hambleton
752,Vasilis,Pedro
753,Harman,Kevern
754,Arline,Ipsly
755,Mathilda,Bilfoot
756,Terrence,Capron
757,Etan,Fippe
758,Tedman,Reuven
759,Britteny,Itzchaky
760,Mariquilla,Frickey
761,Avril,Oleshunin
762,Mortimer,Very
763,Chanda,Thompsett
764,Peri,Wixey
765,Rudie,Kilpatrick
766,Eleonora,Gheeraert
767,Kristofer,Nayshe
768,Rasia,Teresi
769,Engracia,Corrington
770,Yolanthe,Rumens
771,Frants,Perot
772,Rheba,Ossulton
773,Rhiamon,MacTrusty
774,Evangelina,O'Corren
775,Lavinia,Tomasian
776,Peta,Ortelt
777,Chrissie,Mainstone
778,Melamie,Vassel
779,Meara,Kleinholz
780,Keith,Quarrie
781,Cristobal,Ledgard
782,Barbra,Harce
783,Remus,Reijmers
784,Al,Tolmie
785,Tallulah,Burdekin
786,Josepha,Barnewelle
787,Lise,Ratchford
788,Hill,Dartnell
789,Filmer,Nester
790,Allie,Peck
791,Blancha,Newband
792,Editha,Jobbins
793,Elmer,Metzke
794,Mil,Lamberts
795,Erminia,Hilldrop
796,Gisella,Jarmain
797,Sergeant,Shead
798,Valerye,Jellett
799,Ogden,Doe
800,Rosalind,Higgen
801,Ignaz,Kenright
802,Lona,Capell
803,Benedetto,Poppleton
804,Bettye,Baise
805,Roderich,Boik
806,Clio,MacDiarmond
807,Esmeralda,Matula
808,Nye,Gianotti
809,Rossie,Moon
810,Carly,Busfield
811,Susana,Casely
812,Sib,Cansdall
813,Arline,Startin
814,Bee,Gotobed
815,Vasily,Sessuns
816,Brandice,Sweating
817,Ruby,Mattaser
818,Fianna,Waterhowse
819,Fancy,Slipper
820,Daren,Cubley
821,Emylee,McKillop
822,Hamilton,Shirlaw
823,Danny,Holby
824,Karna,Gleadle
825,Annnora,Foreman
826,Evie,Grumley
827,Chan,Boothebie
828,Thain,Laugherane
829,Emma,McGookin
830,Devlin,Cubley
831,Maighdiln,Doog
832,Dominik,Feldon
833,Tracy,Reeder
834,Meade,Whithorn
835,Bil,Helling
836,Elliott,Gordon-Giles
837,Claudianus,Boydell
838,Mayor,Seedman
839,Niels,McElane
840,Hatti,Maier
841,Nefen,Klishin
842,Finn,Coleborn
843,Nataline,McTrustrie
844,Velvet,Reder
845,Stephannie,Verrillo
846,Kev,Patient
847,Amos,Fairbrace
848,Adelheid,Ferrarone
849,Wendall,Borrell
850,Isidor,Halburton
851,Hillery,Seller
852,Natalie,Basilio
853,Barrie,Gunson
854,Shirleen,Favelle
855,Stacey,Jaffray
856,Rochelle,Garlee
857,Lizabeth,Braxay
858,Eddi,Gellert
859,Brooke,Gensavage
860,Doro,Clifft
861,Bennie,Sinnett
862,Mara,Damiral
863,Elisabeth,Bester
864,Jilly,Hayto
865,Prudy,Cunniam
866,Lynelle,Brende
867,Morey,Sellstrom
868,Jermain,Geale
869,Caz,O'Dowgaine
870,Garrick,Barrie
871,Lavinie,Geall
872,Jerrome,Richmont
873,Junia,Colqueran
874,Patrizius,Umpleby
875,Marrilee,Goudy
876,Reinhard,Cordie
877,Maxwell,Cowill
878,Waly,Olivazzi
879,Kylynn,Antusch
880,Koressa,McAndie
881,Dallas,Melton
882,Libbi,Dwerryhouse
883,Ly,Archanbault
884,Roxi,Brierley
885,Janene,O' Donohoe
886,Paquito,Pietrowski
887,Rosaline,Davidovic
888,Torr,Rodden
889,Dorian,Idney
890,Valli,Pyott
891,Matthew,Pridmore
892,Leonelle,Flinders
893,Jemmy,Bakster
894,Kaylyn,De Gregario
895,Berky,Queree
896,Chrysa,Laboune
897,Xymenes,Trassler
898,Ruperto,Rutherford
899,Fons,Bury
900,Nady,Baldcock
901,Marwin,McMonies
902,Coralyn,Nolton
903,Merv,Larcier
904,Sarette,Percifer
905,Deanna,Leschelle
906,Pennie,Thurbon
907,Dillon,Marquis
908,Ivie,Moneypenny
909,Raul,Agg
910,Petra,Tubbles
911,Egon,Dawks
912,Stinky,Carncross
913,Godard,Lancashire
914,Fremont,Silverthorne
915,Archy,Collum
916,Farlay,Tithacott
917,Allyn,Spensly
918,Christie,Volkes
919,Kristos,Bathoe
920,Helsa,Dunkinson
921,Quintilla,Donnett
922,Correy,Chisolm
923,Igor,Ebbing
924,Shermy,Leport
925,Barnaby,Grisard
926,Shelly,Hardeman
927,Sondra,Duffyn
928,Nikoletta,Sharphouse
929,Donny,Ballin
930,Ethyl,China
931,Giana,Dekeyser
932,Son,Godley
933,Karly,Masselin
934,Morris,Tumilson
935,Hamid,Krauss
936,Leia,Guare
937,Zandra,Sherwyn
938,Bronnie,Venus
939,Vinnie,Kitcatt
940,Berna,Arundale
941,Jacquette,Gallehawk
942,Mikel,Sillis
943,Amy,Hourican
944,Woodrow,Calderon
945,Gigi,Wanek
946,Aubree,Deesly
947,Renato,Branwhite
948,Valentin,Silverthorn
949,Jacques,Easom
950,Evangeline,Ales0
951,Beverley,Dulin
952,Jonah,Leveridge
953,Celka,Fryatt
954,Agretha,Peatt
955,Madlen,Srutton
956,Horace,Lile
957,Berkly,Bailiss
958,Delcina,Scocroft
959,Gaby,Angless
960,Raymond,Ewbank
961,Wainwright,Bindin
962,Warde,Rosini
963,Johna,Stovine
964,Zilvia,Plunkett
965,Ricki,Glaves
966,Dennison,Dytham
967,Vasili,Shere
968,Aubrette,Gallally
969,Morey,Buckston
970,Rikki,Cafferky
971,Land,Ayliffe
972,Brynn,Hradsky
973,Esteban,Iacovolo
974,Larine,Baglow
975,Fons,Rude
976,Althea,Poleykett
977,Nadiya,Hackforth
978,Godiva,Cowling
979,Boyd,Gabbetis
980,Marlow,Petrou
981,Spence,Clougher
982,Karissa,Yeandel
983,Lacy,Kings
984,Brandea,Ikringill
985,Lacy,Espinos
986,Willdon,Croom
987,Aprilette,Filyushkin
988,Rebe,Sissons
989,Dale,McKeon
990,Mateo,Grimbaldeston
991,Juditha,Deeth
992,Ronnie,Vieyra
993,Ichabod,Christofol
994,Amy,Tyndall
995,Rafi,Ames
996,Bambi,Wetherburn
997,Emmerich,Ithell
998,Jourdain,Crosier
999,Sarina,Rantoul
1000,Bendick,Cavet
