1,Marje,Manilove,3
2,Ogdan,Marling,2
3,Bethany,People,8
4,Bo,Mathen,4
5,Lou,Leblanc,6
6,Helene,Bonnesen,6
7,Claudetta,Wagstaff,5
8,Ortensia,Burhill,6
9,Carny,Pougher,7
10,Tonnie,Hurdle,3
11,Beniamino,Cisland,3
12,Marna,Windebank,1
13,Rourke,Isherwood,3
14,Wilona,Middiff,3
15,Emmery,Ticehurst,8
16,Dewain,Colleymore,5
17,Babb,Ambrosio,3
18,Waring,Burr,8
19,Merv,Rodenborch,5
20,Sunny,Rillstone,5
21,Sal,Chainey,6
22,Trace,Heelis,2
23,Joycelin,Camilli,3
24,Dusty,De Hoogh,4
25,Henrietta,Helleckas,2
26,Luisa,Buttress,4
27,Lorin,Richarson,6
28,Millie,Gossling,8
29,Sheree,Inglese,8
30,Niel,Eastcott,4
31,Hans,Petzold,8
32,Ceil,Walesby,5
33,Kally,Lethley,7
34,Humphrey,Gigg,5
35,Hurleigh,Font,1
36,Clareta,Monk,2
37,Lissy,Orpen,3
38,Edmon,Baden,4
39,Sophia,Pilsworth,4
40,Matti,Quarterman,2
41,Allie,Camerana,4
42,Krystle,Brushfield,4
43,Shaun,Gadd,5
44,Averil,Gaffey,8
45,Carmelle,Belli,8
46,Charity,Woan,8
47,Carina,O'Flynn,6
48,Janene,McNuff,2
49,Binnie,Grasser,2
50,Verna,Pinnion,2
51,Baryram,August,5
52,Liesa,Steckings,4
53,Jeremiah,Pattingson,6
54,Alvis,Ferrucci,3
55,Griff,Meneer,5
56,Garv,Elgar,7
57,Hedvig,Chisnall,3
58,Court,Mehmet,4
59,Dom,Wyre,5
60,Lindie,Warlaw,8
61,Binny,Tourner,5
62,Wildon,Beggio,5
63,Berkley,Stroband,6
64,Ruth,Shadrack,1
65,Evy,Malpas,8
66,Fidelity,Revill,5
67,Benni,Meates,6
68,Jorgan,Boughtwood,4
69,Gris,Odell,1
70,Berky,Cragoe,7
71,Mickie,Murgatroyd,2
72,Janaye,Mendoza,5
73,Bryna,Fraanchyonok,1
74,Dale,Doughton,3
75,Kevon,Ponceford,1
76,Saunderson,Skayman,7
77,Pauletta,Tripony,4
78,Genovera,Darte,1
79,Dilly,Enever,5
80,Linea,Gawne,2
81,Babbie,Stollenbeck,8
82,Tamarah,Gowanson,4
83,Cyrillus,Diamond,8
84,Kylynn,Skitterel,4
85,Sileas,Killingbeck,6
86,Kimball,Piers,3
87,Netty,Robbings,3
88,Eba,Backman,7
89,Leigha,Jirieck,1
90,Dagmar,Reisenstein,7
91,Trixi,Jeaycock,3
92,Minerva,Brunnstein,5
93,Silvana,Claffey,8
94,Lory,Carnier,5
95,Paige,Fricker,6
96,Georgetta,Vreede,4
97,Larine,Benes,6
98,Winnah,Cheine,8
99,Ambrosius,de'-Ancy Willis,3
100,Cleve,Marcone,2
101,Ibby,Thomtson,1
102,Foss,Nicolson,1
103,Warner,Pioli,8
104,Eunice,Wilder,5
105,Wittie,Greeding,7
106,Chandler,Behnen,2
107,Mahmoud,Sondon,4
108,Cody,Lakenden,3
109,Muriel,Pettican,1
110,Coleman,Sturton,1
111,Leon,Cran,6
112,Silvana,Asher,1
113,Kamilah,Berndtssen,8
114,Consuela,Haselwood,1
115,Cordula,Sneezum,7
116,Rudyard,Bremmell,4
117,Joycelin,Arington,6
118,Brand,Kilgallen,6
119,Jedediah,Impey,7
120,Thorin,Snow,5
121,Conny,Heliar,2
122,Jeannette,Dimbleby,3
123,Amity,Aldam,1
124,Salaidh,Sudworth,5
125,Emlen,Schwaiger,3
126,Torrie,Alty,2
127,Vinni,Breadmore,2
128,Madalyn,Spiller,5
129,Gwenny,Coldbreath,7
130,Murray,Nuton,7
131,Walliw,Gremane,7
132,Hubie,Imlock,4
133,Letti,Banbridge,3
134,Teodoor,Bruneau,1
135,Galvan,Lean,6
136,Marni,Skerman,2
137,Eirena,Maggorini,5
138,Duane,Leisk,4
139,Wallie,Norssister,6
140,Hunt,Chape,1
141,Nehemiah,Coraini,6
142,Valencia,Hollindale,3
143,Kirbie,Conradie,8
144,Darcy,Presswell,8
145,Julienne,Hembry,1
146,Avrit,Medcalf,4
147,Abie,Mathely,4
148,Dulcy,Glowach,5
149,Anthia,Hayselden,1
150,Mariam,Cathenod,8
151,Basil,Armistead,6
152,Merridie,Nield,1
153,Nap,Rushman,1
154,Adiana,Smallsman,7
155,Kirsteni,Jensen,1
156,Nicolea,Ruck,2
157,Damon,Bosley,1
158,Felicle,Antushev,4
159,Kitty,Melloy,5
160,Morgun,Dewsbury,4
161,Talbot,Abby,3
162,Herold,Martygin,6
163,Tana,Parvin,8
164,Harwilll,Last,8
165,Joycelin,Filippazzo,5
166,Imelda,Atcherley,7
167,Elysia,Murthwaite,2
168,Dorian,Keston,7
169,Britteny,Mary,5
170,Marie,Borzone,4
171,Emylee,Zielinski,5
172,Rodd,Dover,7
173,Elsie,Antoni,1
174,Keefe,Wiltshaw,7
175,Marten,Merfin,2
176,Tori,Matterface,6
177,Dermot,Dukesbury,8
178,Ariel,Schwandt,7
179,Brittani,Clibbery,6
180,Bart,Arden,8
181,Inessa,Shovlin,8
182,Janessa,Melchior,8
183,Dulcea,Sackey,6
184,Vale,Mucillo,2
185,Melanie,Bernardt,8
186,Dorrie,Worsnup,7
187,Zelda,Gaskill,1
188,Bruis,Strangman,8
189,Roman,McGunley,6
190,Adorne,Wileman,4
191,Ardine,Gosnay,2
192,Mead,Leal,8
193,Zacherie,Crowden,1
194,Waring,Moline,8
195,Willa,Pridham,5
196,Goldarina,Millington,1
197,Tedd,Godman,3
198,Dermot,Mullaly,4
199,Kellyann,Mangan,3
200,Jilly,Beeres,6
201,Tadeas,Hadden,2
202,Hinda,Fadell,5
203,Bren,Le Guin,7
204,Blythe,Georghiou,6
205,Rosana,Freke,6
206,Conny,Tong,4
207,Dieter,Scaife,3
208,Elinore,Lampaert,4
209,Hagen,Carbine,1
210,Jefferey,Jenno,7
211,Igor,Blasoni,6
212,Valentine,Siebert,4
213,Gustavo,Gash,1
214,Jenny,Hamil,4
215,Kai,Arends,3
216,Etti,Killeley,3
217,Drona,Bourgaize,8
218,Josh,Kopps,3
219,Fax,Playford,8
220,Dallon,Bartoszinski,8
221,Waneta,MacInerney,6
222,Tobe,Tilzey,5
223,Lief,Willshear,1
224,Nerty,Hallard,7
225,Philly,Shoebrook,2
226,Margarette,Dinsell,1
227,Annalee,Stump,7
228,Josh,Hallsworth,2
229,Robenia,Winder,2
230,Beverley,Chmiel,8
231,Anabella,Gilbertson,3
232,Ingar,Delleschi,6
233,Cobb,McWhinnie,3
234,Cam,Chatteris,2
235,Libbey,Ulster,2
236,Lyn,Paradis,5
237,Ariadne,Chilvers,1
238,Kelley,Rudledge,8
239,Andre,Skin,5
240,Heriberto,Adlard,3
241,Nestor,Wardhaugh,1
242,Krystalle,Wallage,4
243,Beckie,Martellini,3
244,Dorris,Beckwith,6
245,Ferdinand,Iczokvitz,5
246,Geralda,Spilling,3
247,Dov,Hatherley,4
248,Kanya,Dakhno,6
249,Terese,Simonini,6
250,Giorgia,Gulley,5
251,Shayne,Larway,8
252,Gwendolyn,Mapham,8
253,Konrad,Gribben,7
254,Gilbert,Mewhirter,8
255,Lucian,Coghlan,1
256,Regine,Wernham,7
257,Killie,Joslyn,2
258,Sampson,Elcy,2
259,Harmonia,Heinrici,1
260,Sydel,Connichie,3
261,Drugi,Karlolczak,5
262,Garrott,Mullender,1
263,Rebbecca,Bigland,2
264,Serene,Dalley,7
265,Avis,Wilcher,4
266,Christoper,Habeshaw,5
267,Vinny,Girvin,7
268,Abey,Duester,3
269,Quinn,O' Culligan,4
270,Joel,Finden,5
271,Tanhya,Gannan,4
272,Pier,Birchill,4
273,Mannie,Kirsopp,7
274,Gertie,Littefair,5
275,Sher,Kevlin,2
276,Faunie,Baal,4
277,Brucie,Tansly,2
278,Maureene,Rodinger,4
279,Jillayne,Tiler,6
280,Ingaborg,Faveryear,2
281,Tani,Grabban,6
282,Xylia,Ege,2
283,Gilligan,Bramo,6
284,Sandi,Rapson,1
285,Alysia,O'Crigan,4
286,Bernita,Astlett,4
287,Vanni,Northing,5
288,Eulalie,Duignan,6
289,Elli,Elijah,8
290,Nananne,Redgate,1
291,Torey,Gwyllt,6
292,Dreddy,Hellings,1
293,Odessa,Dymott,7
294,Ashly,Iannetti,3
295,Hanni,See,4
296,Nettle,Leng,2
297,Brandea,Rushforth,8
298,Adolph,Killelea,2
299,Sianna,Hasselby,6
300,Morganne,Teml,8
301,Bernete,Wikey,3
302,Lammond,Coppen,4
303,Anni,Goodburn,3
304,Gerick,Heare,2
305,Pierette,Schutter,7
306,Hube,Lilloe,4
307,Mathias,Isard,6
308,Timi,Downie,2
309,Pammi,Greggs,6
310,April,Sheldrick,7
311,Dalli,Tatam,8
312,Morgen,Trippett,8
313,Dynah,Selburn,8
314,Ericka,Mattaus,8
315,Fremont,Schiementz,6
316,Bran,Basilotta,1
317,Fredra,Drynan,4
318,Leland,Philpin,8
319,Elsworth,Blitzer,4
320,Hendrika,Bickmore,2
321,Andy,Lamzed,5
322,Eugenia,Broxup,1
323,Rebbecca,Gotliffe,1
324,Desiree,Sinney,3
325,Gamaliel,Bartolommeo,2
326,Brandice,Lorking,2
327,Rosalie,Mangenot,3
328,Hendrick,Ondrak,1
329,Germaine,Gass,3
330,Holli,Jacop,6
331,Coralyn,Falla,3
332,Rosemaria,Lages,6
333,Kerwinn,Ablewhite,2
334,Estell,Lestor,2
335,Nert,Plevey,5
336,Tony,Kitchingman,7
337,Deeyn,Jaques,4
338,Herminia,Sellors,6
339,Trueman,Moret,7
340,Ali,Simioni,7
341,Tallie,Kynastone,7
342,Sandye,Trevna,2
343,Allx,Primarolo,8
344,Vicki,Kenshole,5
345,Sigismundo,Pideon,7
346,Krishnah,Ingarfield,2
347,Vyky,Greenwood,5
348,Masha,Scheffler,8
349,Ninnetta,Brettor,8
350,Scarlet,Allewell,6
351,Windy,Dunn,5
352,Jethro,Philpault,3
353,Rolland,Flegg,5
354,Nanci,Ower,2
355,Tabbatha,Gruczka,1
356,Molli,Garwill,4
357,Miguelita,Jobes,6
358,Eldridge,Grayshan,5
359,Frasco,Napthine,4
360,Isac,Selvey,8
361,Ula,Tassaker,8
362,Georgeanne,Hutchins,7
363,Viviyan,Le Noire,2
364,Teodorico,Dallosso,6
365,Doretta,Hessay,4
366,Isidor,De Simoni,3
367,Daveen,Naisbitt,3
368,Devonne,Fothergill,5
369,Blinny,di Rocca,3
370,Bernarr,Gidman,5
371,Alaric,Hayer,2
372,Corena,Shippey,3
373,Nolie,Clews,3
374,Georgeanna,Brolechan,7
375,Bunny,Toomey,5
376,Clywd,Littell,1
377,Lorettalorna,Haggata,5
378,Angelina,Mityakov,3
379,Kylila,Byllam,8
380,Winifred,Edmunds,3
381,Cam,Metschke,2
382,Tremayne,Vergo,1
383,Hurlee,Matthieson,8
384,Kerrin,Camellini,8
385,Ivar,Tremontana,4
386,Elle,Pimlett,3
387,Butch,Brownlee,3
388,Rozalin,Cogan,6
389,Kellia,Kynaston,8
390,Jeannine,Simeon,8
391,Ragnar,Spieck,8
392,Cybill,Gouda,3
393,Loutitia,Bramley,6
394,Karin,Champ,2
395,Pippy,Stanistreet,5
396,Gaile,Jina,4
397,Krystalle,Lorden,7
398,Thibaut,Hackworthy,1
399,Orlan,Churchard,1
400,Tabbi,Loach,3
401,Elisabet,Ganders,8
402,Elset,Durnin,7
403,Kinny,Licas,3
404,Mil,Scrammage,4
405,Cris,Brechin,1
406,Justis,Mayoral,2
407,Sherm,Hollow,6
408,Amanda,Antoinet,4
409,Lenci,Leipold,4
410,Nolan,Woffinden,6
411,Saunder,Pirt,1
412,Vito,Bigly,2
413,Burlie,Karchewski,5
414,Gothart,Clemencon,1
415,Flory,Bellwood,3
416,Annabell,Spier,7
417,Wallis,Crone,1
418,Corey,Whitehurst,2
419,Dena,Ipsgrave,2
420,Darryl,Kaser,4
421,Roi,Gaber,2
422,Wendie,Mathevon,3
423,Ianthe,Sprigg,7
424,Claretta,McPharlain,6
425,Mariele,Bowdler,5
426,Sari,Maffia,1
427,Blisse,Firle,8
428,Fidela,Camolli,4
429,Ferdy,Attwill,2
430,Zed,Desaur,3
431,Geoffrey,Book,4
432,Stanleigh,Kubek,1
433,Friedrich,Stockdale,1
434,Selma,Chapling,8
435,Kaylil,McKeighen,1
436,Gottfried,Brothwood,3
437,Brooks,Merit,1
438,Andrej,Wethers,6
439,Britteny,Mustill,6
440,Lorne,Muress,2
441,Delbert,Jakubovsky,6
442,Seana,Luby,8
443,Bordie,Reasce,6
444,La verne,Durdle,4
445,Ford,Bryett,3
446,Melvyn,Barok,1
447,Luther,Stamper,1
448,Robbi,Macrow,6
449,Bride,Kohneke,6
450,Ottilie,Merington,1
451,Maiga,Syder,7
452,Peyter,Revening,5
453,Mirabelle,Titchen,6
454,Baird,Durward,1
455,Fernanda,Dizlie,5
456,Bevin,Lewton,4
457,Biddie,Pifford,6
458,Carmen,Yarnold,1
459,Minnie,Coldwell,3
460,Mitchell,Priddie,7
461,Lesya,Dyott,1
462,Otho,Geraudy,4
463,Ashlen,Cassimer,3
464,Royall,Newdick,7
465,Syd,Athridge,5
466,Juliane,Rault,6
467,Octavia,McCosh,4
468,Neron,Pearson,6
469,Joye,Tomlin,8
470,Gilbertina,Spragge,7
471,Prentice,Keuntje,1
472,Tod,Lapslie,5
473,Fabio,Mathen,1
474,Antons,Longfield,5
475,Jobina,Clubley,8
476,Dulce,Wines,3
477,Leticia,Friedank,8
478,Darill,Twohig,1
479,Hi,Dumbrall,3
480,Gustie,Burgill,8
481,Anny,Ianinotti,7
482,Wyndham,Bircher,3
483,Nonie,Jakeway,5
484,Saba,Alekseicik,6
485,Luella,Curme,3
486,Lucien,Tureville,3
487,Allis,Rosbotham,4
488,Lib,Macoun,4
489,Clarance,MacTimpany,7
490,Raviv,Whatham,6
491,Silvan,Warrington,4
492,Glenden,Steagall,5
493,Stefania,Gregorin,8
494,Kendell,Batting,7
495,Rebeka,Llewelyn,3
496,Donavon,Killeley,5
497,Vanessa,Dugue,4
498,Geri,Beynke,3
499,Filippo,Carp,3
500,Patty,Matonin,4
501,Kimberlee,Martello,6
502,Euphemia,Shirley,3
503,Weidar,Humbell,7
504,Giulia,Gall,8
505,Knox,Durrance,6
506,Ashlee,Rockey,2
507,Reynold,Carman,2
508,Ruthy,Hartley,8
509,Modestine,Ybarra,5
510,Barnaby,Grigoletti,4
511,Vale,Persehouse,4
512,Sarene,Mowbray,2
513,Vonnie,Liepina,1
514,Gustie,Torrecilla,8
515,Camila,Peppin,7
516,Pamella,Gull,8
517,Bordie,Liddy,6
518,Kaleb,Cordie,3
519,Waylan,Kiddle,5
520,Jeremias,Mossman,7
521,Stacee,Quadrio,2
522,Zollie,Karmel,2
523,Ealasaid,D'Antonio,6
524,Adrianne,Stelli,2
525,Arlyne,Filipovic,5
526,Isacco,Stanborough,6
527,Tessa,McQuorkel,6
528,Michaeline,Rosencwaig,8
529,Dorthy,Richmont,7
530,Jemima,Whelpdale,6
531,Leona,Dominichetti,1
532,Kennith,Hysom,4
533,Inga,Carlisle,1
534,Merrill,Damarell,6
535,Dorise,Petrou,4
536,Amandy,Landreth,1
537,Cirillo,Biddle,7
538,Conn,Furman,8
539,Kippie,Lermit,3
540,Filide,Lennie,6
541,Orion,Soaper,4
542,Anthia,Altofts,3
543,Frances,Bladen,2
544,Link,Huxtable,1
545,Susann,Warwicker,8
546,Cinda,Murrow,1
547,Kasper,Cheeld,3
548,Trip,Monan,5
549,Wilbert,Gavigan,6
550,Ced,Bore,8
551,Budd,Dadley,7
552,Farr,Shearwood,5
553,Kimberly,Rivelon,1
554,Analise,Grabban,7
555,Christoph,Gilbride,8
556,Tobit,Bosket,3
557,Brande,Raxworthy,1
558,Tabbie,Lamble,4
559,Val,Adanet,7
560,Shellysheldon,Bairstow,1
561,Genny,O'Sesnane,8
562,Carline,Lemar,6
563,Pierette,Dagnan,4
564,Barry,Empleton,5
565,Augustine,Hatherley,6
566,Quentin,Henmarsh,7
567,Theo,Burtwhistle,4
568,Griffy,Hanham,1
569,Brenda,Farrer,8
570,Appolonia,Kindle,6
571,Harry,D'Onise,5
572,Griffy,O'Cullinane,4
573,Bail,Bloxam,3
574,Estele,De Anesy,5
575,Ian,Garnsworth,3
576,Wallis,Steagall,7
577,Doralynn,Brownjohn,7
578,Nancy,Cardall,3
579,Brett,Tomet,6
580,Griselda,Lardeur,3
581,L;urette,Flageul,3
582,Amitie,Prall,1
583,Silas,Symmons,2
584,Joelle,Tucknutt,6
585,Mahmud,Danielou,6
586,Lee,Daily,8
587,Shamus,Van Oort,1
588,Ken,Blodgetts,3
589,Tremayne,Irving,5
590,Garold,Swift,5
591,Gran,Pedlow,1
592,Else,Shave,4
593,Marcel,Guislin,5
594,Nikolia,Gippes,5
595,Sarajane,Bianco,7
596,Astrid,Beardall,3
597,Gwendolyn,Smeeth,8
598,Abbey,Nicholas,5
599,Sadie,Fernely,6
600,Corella,Axcell,6
601,Domeniga,Troke,3
602,Shanta,Caron,7
603,Mavis,Rallin,3
604,Minni,Revington,8
605,Faythe,Kaemena,5
606,Mata,Wycliff,2
607,Randie,Osbiston,6
608,Brien,Hamm,3
609,Goldarina,Rosensaft,2
610,Bronny,Dowley,6
611,Skylar,Grevel,5
612,Dominica,Howatt,6
613,Patience,Loch,6
614,Chad,Scading,4
615,Gayle,Stainton - Skinn,2
616,Shirleen,Grevel,2
617,Torre,Manoelli,5
618,Alfy,McRinn,6
619,Clarie,Wisedale,6
620,Ban,Bimrose,2
621,Lorna,Glaysher,3
622,Rebeca,Paten,5
623,Mufi,Mcwhinnie,2
624,Philipa,Priddy,8
625,Bryce,Brotherwood,8
626,Sianna,Du Plantier,8
627,Abran,Labden,7
628,Archy,Ackerman,8
629,Winfred,Raise,2
630,Brockie,Lasselle,1
631,Hali,Rawlence,5
632,Xenia,Groocock,7
633,Muhammad,Kirkup,1
634,Arlyn,Wayvill,2
635,Randall,Havill,3
636,Albie,Bales,8
637,Babette,Kinson,5
638,Jerrold,Lille,5
639,Nomi,Creswell,5
640,Herb,Whichelow,8
641,Raoul,Leuty,7
642,Eugenie,O'Calleran,7
643,Weber,Hanhard,3
644,Brittney,Crisell,5
645,Demetre,Fedorski,1
646,Salomo,Chislett,2
647,Banky,Gocher,1
648,Daisie,Brashier,3
649,Marty,Baggiani,2
650,Cordie,Pavlitschek,8
651,Kimberly,Giraths,4
652,Emmett,Attride,4
653,Anjela,Itshak,2
654,Elwin,Stiegars,1
655,Euell,Farryann,3
656,Sadye,Grinnov,8
657,Matelda,Newton,3
658,Gareth,Lagne,6
659,Nadiya,Broadbere,6
660,Englebert,Orpen,4
661,Joell,Lake,3
662,Kitty,Waryk,3
663,Patience,Linzey,1
664,Farica,Denisyev,2
665,Dominick,McGonigal,1
666,Estrellita,Deviney,4
667,Marco,Maybury,3
668,Valida,Blanket,8
669,Birk,Gauch,6
670,Lanita,Marzelle,1
671,Clarke,Peterkin,7
672,Michal,Marlin,8
673,Etty,Sellan,2
674,Nannie,Bramelt,3
675,Shepard,Alvarado,1
676,Langston,Holehouse,8
677,Burgess,Piche,4
678,Nissa,Demange,5
679,Jessalyn,Cossum,7
680,Michelle,Degli Abbati,7
681,Jenn,Moon,5
682,Alison,Strangward,2
683,Cyrus,Jiruch,1
684,Derron,Aphale,4
685,Hartley,Sousa,2
686,Hailee,Thackwray,4
687,Sutherlan,Turfes,1
688,Bebe,Meighan,1
689,Valina,Greenstreet,8
690,Kelley,Galle,8
691,Corbin,Skegg,1
692,Stanly,Tullett,4
693,Ryan,Tancock,8
694,Benedick,Carpmile,7
695,Lonnie,Martinolli,4
696,Merwyn,Bastin,3
697,Gwenora,Gullis,5
698,Danice,Hampstead,3
699,Laryssa,Lemarie,2
700,Shelba,Dittson,1
701,Guglielma,Enston,2
702,Omar,McNeill,1
703,Gustav,Kayley,3
704,Frans,Cordeux,7
705,Zack,Monketon,3
706,Anette,Bonas,3
707,Umberto,Dowman,7
708,Silva,Burleton,4
709,Jordanna,Pelcheur,5
710,Aigneis,MacGaughey,7
711,Menard,Wellfare,8
712,Parry,Badby,8
713,Haroun,Sagrott,8
714,Tris,Zuenelli,2
715,Valeda,De Coursey,4
716,Gardie,Chappel,8
717,Abbi,Perigeaux,2
718,Tiff,Roth,3
719,Emmey,Whittaker,2
720,Pip,Whatsize,6
721,Moll,Downham,1
722,Field,McPherson,5
723,Janek,Kaasmann,5
724,Laurent,Muge,8
725,Janine,Willavoys,2
726,Ode,Skarin,5
727,Lauri,Secombe,1
728,Findlay,Toopin,6
729,Ransom,Brands,1
730,Nealy,Becerro,6
731,Kayley,Di Domenico,8
732,Yule,Aleso,3
733,Foster,Birckmann,6
734,Gilligan,Parlor,6
735,Rivi,Hughlock,5
736,Lorain,Bollin,8
737,Barnett,Monahan,6
738,Kellby,Paule,6
739,Mahalia,Hayesman,8
740,Brear,Bach,8
741,Hans,McGrirl,8
742,Gayel,Surman-Wells,4
743,Sanford,Vink,2
744,Donica,Maytum,4
745,Dicky,Illem,2
746,Celia,Kunisch,5
747,Rosalyn,Goldthorp,4
748,Chevalier,Kaming,6
749,Lamond,O'Dare,2
750,Dur,Boden,5
751,Juliana,Blasi,7
752,Kincaid,Dyshart,2
753,Ashlen,Cornford,5
754,Hilary,Rodrigues,7
755,Ondrea,Ilyushkin,2
756,Oralie,Francesconi,6
757,Jaimie,Stringer,4
758,Ilka,Casa,8
759,Dorrie,Pither,8
760,Brendin,Bane,5
761,Kordula,Ashworth,5
762,Max,Benkin,7
763,Cynthy,Wincott,4
764,Erminia,Rutland,6
765,Persis,Priddle,7
766,Inglis,McDonell,1
767,Meryl,Sheryn,3
768,Porty,Carreyette,4
769,Kirstin,Huyghe,8
770,Denys,Huster,8
771,Dareen,Alway,4
772,Mauricio,Lapenna,6
773,Bab,Kempster,8
774,Janetta,Wilcher,6
775,Bruno,Cutajar,1
776,Enrika,Sollam,5
777,Sukey,Grisbrook,5
778,Cyb,Spyer,4
779,Deva,Linner,4
780,Astra,Attrey,1
781,Viola,Merwede,7
782,Adi,Cheeld,7
783,Murray,Toupe,2
784,Baxie,Breslane,5
785,Nana,Darko,3
786,Lowrance,Arrow,6
787,Coriss,Francescozzi,3
788,Tasia,Upwood,6
789,Husain,Crumbie,3
790,Rycca,Fawlkes,3
791,Marissa,Bricknell,3
792,Michail,Closs,6
793,Xaviera,Blondel,3
794,Clayborne,Gann,6
795,Alisha,Stallon,5
796,Blondell,Schwant,5
797,Kerrie,Shilstone,5
798,Darrel,Elwood,4
799,Laird,Sellors,7
800,Nikos,Waeland,2
801,Andromache,Storcke,5
802,Way,Novill,5
803,Dixie,Hoodspeth,5
804,Hogan,O' Cloney,1
805,Betteann,Docwra,1
806,Rakel,Iacovaccio,5
807,Boonie,Midghall,6
808,Jacinda,Surby,8
809,Agna,Daber,5
810,Amalita,Blondelle,6
811,Natassia,Moorhead,8
812,Mellisent,Reason,5
813,Jeniece,Jewitt,2
814,Cherri,Caswall,1
815,Myles,Allebone,2
816,Nikita,Pauleau,7
817,Rosanne,Lauchlan,6
818,Ari,Titman,7
819,Alexander,Copner,5
820,Ryann,Tippett,6
821,Cecil,Kleiser,7
822,Branden,Margram,4
823,Lindsey,Dell,6
824,Nadine,Iacopetti,5
825,Baillie,Oguz,6
826,Portia,Calderonello,6
827,Ginger,Mordanti,3
828,Xenia,Elia,7
829,Byram,Thrush,1
830,Louise,Kibby,8
831,Richie,Dunkley,4
832,Almeta,Nashe,3
833,Galven,Lionel,8
834,Kyrstin,Dyble,4
835,Sebastien,Lots,8
836,Tammy,Bowery,1
837,Ealasaid,Holstein,4
838,Slade,Tender,6
839,Georges,Kowalik,4
840,Garik,Curtayne,6
841,Delcina,Boomes,6
842,Artemas,Kermode,3
843,Ansley,Havard,3
844,Bale,Lemm,6
845,Crista,McElane,8
846,Devora,Elnough,5
847,Wiley,Beare,8
848,Cleveland,Vacher,6
849,Opal,Tsarovic,6
850,Riobard,Biford,2
851,Herschel,Salmen,2
852,Ikey,O'Carney,7
853,Wylma,Boothby,6
854,Pascale,Kyle,1
855,Randy,Ghio,1
856,Ethe,Hammersley,1
857,Ulla,Fairweather,1
858,Pepita,Lahiff,4
859,Maxy,Scoggin,5
860,Godard,Whittaker,1
861,Nap,Wayman,1
862,Renata,Fosh,1
863,Juline,Zecchii,5
864,Britney,Zahor,7
865,Hiram,Corkill,1
866,Otis,Gritton,7
867,Zolly,Shurmer,2
868,Stafford,Tither,4
869,Gerda,Cornau,4
870,Roanna,Heady,8
871,Rosalind,Bushe,7
872,Andreas,Mackiewicz,6
873,Lydia,Fish,2
874,Brianne,Smorthwaite,1
875,Shurlock,Timmis,1
876,Merrile,Dulson,4
877,Celka,Cartan,7
878,Mareah,Batchley,7
879,Harlin,Foffano,6
880,Orton,Bendle,2
881,Nappie,Alderton,8
882,Miller,Boatwright,5
883,Archibald,Shaw,8
884,Mitzi,Saines,3
885,Ron,Vockins,4
886,Logan,Foley,8
887,Brandie,Iiannone,2
888,Mariana,Bernocchi,7
889,Lotta,Foulger,3
890,Yvonne,Borrott,3
891,Lorene,Brecknell,2
892,Kermie,Churchill,1
893,Allis,Vedyaev,1
894,Cara,Holsey,1
895,Miguel,Langmaid,6
896,Mellisent,Freer,7
897,Jasmine,Burgher,4
898,Ingmar,Petrulis,1
899,Britt,Ca,4
900,Consuela,Etoile,4
901,Farrel,Levicount,8
902,Piotr,Carnall,3
903,Marlee,Agastina,4
904,Dougy,Edmott,8
905,Elane,Wile,5
906,Brunhilda,Domingues,7
907,Daryl,Pocke,1
908,Madelena,Normanville,7
909,Zachery,Izkovitch,8
910,Marybeth,Quigg,3
911,Anthiathia,Riding,3
912,Jessamyn,Carnell,3
913,Marlena,Pickring,3
914,Vanya,Adolthine,1
915,Pearla,Hillum,7
916,Carolyn,Doghartie,2
917,Tess,Jozefowicz,1
918,Ragnar,Sergant,7
919,Angel,Jaher,3
920,Glenn,Vasenin,3
921,Tobie,Daniellot,3
922,Sherm,Ashall,6
923,Ev,Reisenstein,2
924,Leticia,enzley,5
925,Pete,Draycott,4
926,Eran,Kettle,5
927,Jonah,Penhale,8
928,Donnell,Coy,3
929,Auroora,Bates,8
930,Peri,Sarsfield,4
931,Sheela,Aldine,5
932,Gabbi,Patton,4
933,Shanta,Oxherd,6
934,Whitaker,Twiname,7
935,Elisabetta,Barnardo,7
936,Lydon,Clohisey,4
937,Willey,Gavrieli,6
938,Freddy,Abyss,2
939,Phyllida,Tash,8
940,Jefferson,McGloughlin,5
941,Bunnie,Zelake,6
942,Gwenneth,Baugham,6
943,Adrianna,Gleadhall,1
944,Kimmy,Maysor,4
945,Griffin,Ezzell,4
946,Danni,Wharin,3
947,Rena,Lighterness,2
948,Ravi,Butterfield,5
949,Jemima,Fidell,6
950,Anett,Cathenod,6
951,Alleyn,Daine,5
952,Guenevere,Dye,5
953,Salvador,Isham,7
954,Dahlia,Gritsunov,3
955,Devy,Aldhous,3
956,Ingunna,Chancelier,4
957,Merrile,Aspling,6
958,Gerti,Livesley,5
959,Cassius,Vida,1
960,Gilberta,Saura,8
961,Agata,Ragles,2
962,Joannes,Canadas,4
963,Gilbertina,Cardnell,4
964,Daphene,Laverty,1
965,Amy,Heffy,5
966,Elisabet,Leyrroyd,4
967,Guss,Wilber,7
968,Timofei,Ianilli,2
969,Jacques,Haill,5
970,Alf,Skoughman,1
971,Esme,Wissby,8
972,Herbie,Likely,2
973,Persis,Servis,8
974,Harmon,Stefanovic,6
975,Jaime,Dufoure,1
976,Veda,Willgress,6
977,Lonnard,Wimes,2
978,Larry,Cayser,8
979,Misti,Livard,4
980,Leanor,Gavagan,5
981,Osbourne,Sperski,1
982,Elli,Reisen,6
983,Dewey,Lamplough,6
984,Ignatius,Caser,7
985,Elizabeth,Sonley,8
986,Joyous,Eyam,2
987,Marijn,Duchant,6
988,Scarface,Guerola,7
989,Barbabra,Romero,4
990,Smith,Senior,5
991,Auberta,Tuddenham,1
992,Nedi,Cerie,1
993,Cirilo,Van de Castele,7
994,Dewie,Cruddace,5
995,Aura,Corryer,6
996,Padraic,Leatherbarrow,4
997,Codee,Luther,6
998,Ketty,Orans,8
999,Wilhelm,Limeburn,8
1000,Tiffie,Louys,4
